Vanilla,Cookies and Cream,Chocolate,Purple Cow,Mint Chocolate Chip
Chocolate,Purple Cow,Cookies and Cream,Vanilla,Mint Chocolate Chip
Cookies and Cream,Chocolate,Mint Chocolate Chip,Vanilla,Purple Cow
Vanilla,Cookies and Cream,Purple Cow,Chocolate,Mint Chocolate Chip
Cookies and Cream,Chocolate,Purple Cow,Vanilla,Mint Chocolate Chip
Cookies and Cream,Purple Cow,Mint Chocolate Chip,Vanilla,Chocolate
Cookies and Cream,Vanilla,Chocolate,Purple Cow,Mint Chocolate Chip
Chocolate,Mint Chocolate Chip,Cookies and Cream,Purple Cow,Vanilla
Cookies and Cream,Mint Chocolate Chip,Chocolate,Vanilla,Purple Cow
Mint Chocolate Chip,Cookies and Cream,Purple Cow,Chocolate,Vanilla
Cookies and Cream,Mint Chocolate Chip,Purple Cow,Chocolate,Vanilla
Vanilla,Cookies and Cream,Purple Cow,Chocolate,Mint Chocolate Chip
Vanilla,Mint Chocolate Chip,Cookies and Cream,Purple Cow,Chocolate
Cookies and Cream,Purple Cow,Vanilla,Mint Chocolate Chip,Chocolate
Cookies and Cream,Chocolate,Mint Chocolate Chip,Purple Cow,Vanilla
Cookies and Cream,Chocolate,Vanilla,Purple Cow,Mint Chocolate Chip
Vanilla,Cookies and Cream,Purple Cow,Mint Chocolate Chip,Chocolate
Cookies and Cream,Purple Cow,Chocolate,Vanilla,Mint Chocolate Chip
Cookies and Cream,Purple Cow,Mint Chocolate Chip,Vanilla,Chocolate
Cookies and Cream,Chocolate,Mint Chocolate Chip,Vanilla,Purple Cow
Cookies and Cream,Chocolate,Vanilla,Purple Cow,Mint Chocolate Chip
Purple Cow,Cookies and Cream,Mint Chocolate Chip,Chocolate,Vanilla
Cookies and Cream,Mint Chocolate Chip,Purple Cow,Vanilla,Chocolate
Cookies and Cream,Vanilla,Purple Cow,Chocolate,Mint Chocolate Chip
Chocolate,Cookies and Cream,Mint Chocolate Chip,Purple Cow,Vanilla
Mint Chocolate Chip,Cookies and Cream,Chocolate,Vanilla,Purple Cow
Cookies and Cream,Purple Cow,Vanilla,Mint Chocolate Chip,Chocolate
Chocolate,Cookies and Cream,Vanilla,Mint Chocolate Chip,Purple Cow
Vanilla,Cookies and Cream,Chocolate,Purple Cow,Mint Chocolate Chip
Purple Cow,Cookies and Cream,Chocolate,Vanilla,Mint Chocolate Chip
Cookies and Cream,Purple Cow,Vanilla,Mint Chocolate Chip,Chocolate
Vanilla,Chocolate,Purple Cow,Cookies and Cream,Mint Chocolate Chip
Purple Cow,Cookies and Cream,Vanilla,Mint Chocolate Chip,Chocolate
Chocolate,Cookies and Cream,Mint Chocolate Chip,Purple Cow,Vanilla
Chocolate,Cookies and Cream,Mint Chocolate Chip,Purple Cow,Vanilla
Mint Chocolate Chip,Chocolate,Vanilla,Cookies and Cream,Purple Cow
Mint Chocolate Chip,Cookies and Cream,Purple Cow,Vanilla,Chocolate
Cookies and Cream,Purple Cow,Vanilla,Chocolate,Mint Chocolate Chip
Vanilla,Purple Cow,Cookies and Cream,Mint Chocolate Chip,Chocolate
Cookies and Cream,Purple Cow,Mint Chocolate Chip,Vanilla,Chocolate
Cookies and Cream,Purple Cow,Mint Chocolate Chip,Vanilla,Chocolate
Purple Cow,Cookies and Cream,Chocolate,Mint Chocolate Chip,Vanilla
Cookies and Cream,Vanilla,Mint Chocolate Chip,Purple Cow,Chocolate
Chocolate,Purple Cow,Mint Chocolate Chip,Cookies and Cream,Vanilla
Cookies and Cream,Mint Chocolate Chip,Purple Cow,Vanilla,Chocolate
Purple Cow,Mint Chocolate Chip,Cookies and Cream,Vanilla,Chocolate
Mint Chocolate Chip,Cookies and Cream,Vanilla,Chocolate,Purple Cow
Mint Chocolate Chip,Purple Cow,Cookies and Cream,Vanilla,Chocolate
Purple Cow,Mint Chocolate Chip,Chocolate,Vanilla,Cookies and Cream
Chocolate,Cookies and Cream,Vanilla,Purple Cow,Mint Chocolate Chip
Cookies and Cream,Mint Chocolate Chip,Vanilla,Purple Cow,Chocolate
Cookies and Cream,Mint Chocolate Chip,Vanilla,Purple Cow,Chocolate
Cookies and Cream,Vanilla,Mint Chocolate Chip,Chocolate,Purple Cow
Purple Cow,Mint Chocolate Chip,Chocolate,Cookies and Cream,Vanilla
Mint Chocolate Chip,Vanilla,Purple Cow,Chocolate,Cookies and Cream
Purple Cow,Mint Chocolate Chip,Cookies and Cream,Chocolate,Vanilla
Purple Cow,Cookies and Cream,Chocolate,Vanilla,Mint Chocolate Chip
Chocolate,Cookies and Cream,Purple Cow,Vanilla,Mint Chocolate Chip
Purple Cow,Mint Chocolate Chip,Chocolate,Cookies and Cream,Vanilla
Mint Chocolate Chip,Cookies and Cream,Purple Cow,Vanilla,Chocolate
Mint Chocolate Chip,Chocolate,Cookies and Cream,Vanilla,Purple Cow
Cookies and Cream,Purple Cow,Vanilla,Mint Chocolate Chip,Chocolate
Cookies and Cream,Mint Chocolate Chip,Purple Cow,Vanilla,Chocolate
Mint Chocolate Chip,Chocolate,Purple Cow,Cookies and Cream,Vanilla
Mint Chocolate Chip,Vanilla,Chocolate,Purple Cow,Cookies and Cream
Mint Chocolate Chip,Vanilla,Cookies and Cream,Purple Cow,Chocolate
Cookies and Cream,Mint Chocolate Chip,Chocolate,Vanilla,Purple Cow
Cookies and Cream,Mint Chocolate Chip,Purple Cow,Chocolate,Vanilla
Vanilla,Cookies and Cream,Chocolate,Mint Chocolate Chip,Purple Cow
Mint Chocolate Chip,Chocolate,Purple Cow,Cookies and Cream,Vanilla
Cookies and Cream,Chocolate,Purple Cow,Vanilla,Mint Chocolate Chip
Mint Chocolate Chip,Cookies and Cream,Purple Cow,Vanilla,Chocolate
Cookies and Cream,Purple Cow,Chocolate,Vanilla,Mint Chocolate Chip
Purple Cow,Cookies and Cream,Mint Chocolate Chip,Vanilla,Chocolate
Cookies and Cream,Chocolate,Purple Cow,Vanilla,Mint Chocolate Chip
Purple Cow,Cookies and Cream,Mint Chocolate Chip,Vanilla,Chocolate
Chocolate,Mint Chocolate Chip,Cookies and Cream,Purple Cow,Vanilla
