Mint Chocolate Chip,Chocolate,Purple Cow,Vanilla,Cookies and Cream
Purple Cow,Cookies and Cream,Vanilla,Mint Chocolate Chip,Chocolate
Cookies and Cream,Vanilla,Chocolate,Purple Cow,Mint Chocolate Chip
Chocolate,Purple Cow,Vanilla,Cookies and Cream,Mint Chocolate Chip
Mint Chocolate Chip,Cookies and Cream,Chocolate,Vanilla,Purple Cow
Cookies and Cream,Vanilla,Chocolate,Purple Cow,Mint Chocolate Chip
Cookies and Cream,Chocolate,Mint Chocolate Chip,Vanilla,Purple Cow
Vanilla,Purple Cow,Mint Chocolate Chip,Cookies and Cream,Chocolate
Cookies and Cream,Vanilla,Chocolate,Purple Cow,Mint Chocolate Chip
Mint Chocolate Chip,Cookies and Cream,Vanilla,Chocolate,Purple Cow
Purple Cow,Vanilla,Chocolate,Mint Chocolate Chip,Cookies and Cream
Vanilla,Mint Chocolate Chip,Cookies and Cream,Purple Cow,Chocolate
Cookies and Cream,Mint Chocolate Chip,Chocolate,Vanilla,Purple Cow
Cookies and Cream,Purple Cow,Chocolate,Vanilla,Mint Chocolate Chip
Cookies and Cream,Purple Cow,Chocolate,Vanilla,Mint Chocolate Chip
Mint Chocolate Chip,Purple Cow,Cookies and Cream,Chocolate,Vanilla
